10|9045||False|0
11|9045||False|0
12|9045||False|0
14|6394||False|0
15|6394||False|0
16|7747||False|0
17|7747||False|0
18|7747||False|0
19|7747||False|0
20|7747||False|0
21|7747||False|0
22|7747||False|0
23|1591||False|0
24|1591||False|0
25|1591||False|0
26|1591||False|0
28|2572||False|0
29|9007||False|0
30|9007||False|0
31|9007||False|0
32|4941||False|0
33|4941||False|0
34|4941||False|0
35|4941||False|0
36|1764||False|0
37|1764||False|0
38|1764||False|0
39|1157||False|0
40|1157||False|0
41|1157||False|0
42|1157||False|0
43|1157||False|0
46|5069||False|0
47|5069||False|0
48|5069||False|0
51|5069||False|0
53|5069||False|0
54|5069||False|0
55|1344||False|0
56|1344||False|0
57|1344||False|0
58|1344||False|0
59|1344||False|0
60|1344||False|0
61|3906||False|0
62|3906||False|0
63|3906||False|0
64|3906||False|0
65|9438||False|0
66|9438||False|0
67|4480||False|0
68|4480||False|0
70|4480||False|0
71|4480||False|0
72|4480||False|0
73|4480||False|0
74|4480||False|0
75|6019||False|0
76|1741||False|0
77|1741||False|0
78|1741||False|0
79|1741||False|0
80|1741||False|0
81|1741||False|0
82|3240||False|0
83|3240||False|0
84|3240||False|0
85|3240||False|0
86|3240||False|0
87|6568||False|0
88|6568||False|0
89|6568||False|0
90|7151||False|0
91|7151||False|0
92|7151||False|0
93|7151||False|0
94|3324||False|0
95|3324||False|0
96|3324||False|0
97|3324||False|0
98|3324||False|0
100|6426||False|0
101|6426||False|0
102|6426||False|0
103|6426||False|0
104|2971||False|0
105|2971||False|0
106|2971||False|0
107|2971||False|0
108|2971||False|0
109|9052||False|0
110|9052||False|0
111|9052||False|0
112|9052||False|0
113|9052||False|0
114|9052||False|0
115|9052||False|0
116|9140||False|0
117|9140||False|0
118|9140||False|0
119|4354||False|0
120|4354||False|0
121|4354||False|0
122|4354||False|0
123|4354||False|0
124|4354||False|0
125|6774||False|0
126|6774||False|0
127|6774||False|0
128|6774||False|0
129|6774||False|0
130|6774||False|0
131|6774||False|0
132|6774||False|0
133|6774||False|0
134|8862||False|0
135|8862||False|0
136|8862||False|0
137|8862||False|0
139|8597||False|0
140|8597||False|0
141|8597||False|0
142|8597||False|0
143|8597||False|0
144|8578||False|0
145|8578||False|0
146|8578||False|0
147|8578||False|0
148|8010||False|0
149|8010||False|0
150|8010||False|0
151|6501||False|0
152|6501||False|0
153|6501||False|0
154|6501||False|0
155|6501||False|0
156|6501||False|0
158|425||False|0
159|425||False|0
160|425||False|0
161|7633||False|0
162|7633||False|0
163|7633||False|0
164|7633||False|0
165|7633||False|0
166|7633||False|0
167|7633||False|0
168|3853||False|0
169|3853||False|0
170|3853||False|0
171|3853||False|0
172|6042||False|0
173|6042||False|0
174|6042||False|0
175|6042||False|0
176|8629||False|0
177|8629||False|0
178|1705||False|0
179|1705||False|0
180|1705||False|0
181|1705||False|0
182|1705||False|0
183|9220||False|0
184|9220||False|0
185|9220||False|0
186|9220||False|0
187|9220||False|0
188|9220||False|0
189|9220||False|0
190|9220||False|0
191|9220||False|0
192|9220||False|0
193|9345||False|0
194|9345||False|0
195|9345||False|0
196|1297||False|0
197|1297||False|0
198|1297||False|0
199|1297||False|0
200|1297||False|0
201|1297||False|0
202|8648||False|0
203|8648||False|0
204|7130||False|0
205|7130||False|0
206|7130||False|0
207|7130||False|0
208|7130||False|0
209|7130||False|0
210|7130||False|0
211|7130||False|0
212|1338||False|0
213|1338||False|0
214|1338||False|0
215|1338||False|0
216|1587||False|0
217|1587||False|0
218|1587||False|0
219|8620||False|0
220|8620||False|0
221|8620||False|0
222|8620||False|0
223|6777||False|0
224|6777||False|0
226|6777||False|0
227|6777||False|0
230|6777||False|0
231|6777||False|0
232|6777||False|0
233|6777||False|0
234|1674||False|0
235|1674||False|0
236|1674||False|0
237|5336||False|0
238|5336||False|0
239|5336||False|0
240|5336||False|0
242|5336||False|0
244|3226||False|0
245|3226||False|0
246|3226||False|0
247|3226||False|0
248|3226||False|0
249|3226||False|0
250|3226||False|0
251|3226||False|0
253|6888||False|0
254|6888||False|0
255|6888||False|0
256|6888||False|0
257|6888||False|0
258|6888||False|0
259|6888||False|0
260|6888||False|0
262|8643||False|0
263|8643||False|0
264|8643||False|0
265|8643||False|0
266|8669||False|0
267|8669||False|0
268|8669||False|0
269|8669||False|0
270|9221||False|0
271|9221||False|0
272|9221||False|0
273|9221||False|0
274|9221||False|0
275|2375||False|0
276|2375||False|0
277|2375||False|0
278|2375||False|0
279|2375||False|0
280|2375||False|0
281|2375||False|0
283|2363||False|0
284|2363||False|0
285|2363||False|0
286|2363||False|0
287|7566||False|0
288|7566||False|0
289|7566||False|0
290|7566||False|0
291|8720||False|0
292|8720||False|0
293|8720||False|0
294|8720||False|0
295|2862||False|0
296|2862||False|0
297|2862||False|0
298|2862||False|0
300|2862||False|0
301|2862||False|0
302|2862||False|0
303|7230||False|0
304|7230||False|0
306|7230||False|0
307|7230||False|0
308|7230||False|0
309|7230||False|0
310|7230||False|0
311|7457||False|0
313|7457||False|0
314|7457||False|0
315|7457||False|0
316|7457||False|0
317|7457||False|0
318|7457||False|0
319|7457||False|0
320|4315||False|0
321|4315||False|0
322|4315||False|0
323|4315||False|0
324|8854||False|0
325|8854||False|0
326|8854||False|0
327|8854||False|0
328|8854||False|0
329|8854||False|0
330|8854||False|0
331|8854||False|0
333|2721||False|0
334|2721||False|0
335|2721||False|0
337|2721||False|0
338|5138||False|0
340|5138||False|0
341|5138||False|0
343|7837||False|0
344|7837||False|0
345|7837||False|0
346|408||False|0
347|3456||False|0
348|3456||False|0
349|3456||False|0
350|8049||False|0
351|8049||False|0
352|8049||False|0
353|8469||False|0
354|8469||False|0
355|8469||False|0
356|8469||False|0
358|6772||False|0
359|6772||False|0
360|6772||False|0
362|6772||False|0
363|6772||False|0
366|5347||False|0
367|5347||False|0
368|5347||False|0
371|6796||False|0
373|6796||False|0
374|6796||False|0
375|6796||False|0
376|6796||False|0
377|6796||False|0
378|6782||False|0
379|6782||False|0
380|6782||False|0
381|6782||False|0
382|6782||False|0
383|6782||False|0
384|7571||False|0
385|7571||False|0
386|7571||False|0
387|7571||False|0
388|7571||False|0
389|7632||False|0
390|7632||False|0
391|1281||False|0
392|1281||False|0
393|1281||False|0
394|1281||False|0
395|1281||False|0
396|4483||False|0
397|4483||False|0
398|4483||False|0
399|4483||False|0
400|4483||False|0
401|4483||False|0
402|4483||False|0
403|4414||False|0
405|4414||False|0
406|4414||False|0
407|4414||False|0
408|4414||False|0
409|4414||False|0
410|4414||False|0
411|4109||False|0
412|4109||False|0
413|4109||False|0
414|4109||False|0
415|4109||False|0
416|4109||False|0
417|4109||False|0
418|4109||False|0
420|4109||False|0
421|7912||False|0
422|7912||False|0
423|7912||False|0
424|7912||False|0
425|7912||False|0
426|6462||False|0
427|6462||False|0
429|3298||False|0
430|3298||False|0
431|3298||False|0
433|3298||False|0
434|3298||False|0
436|3298||False|0
437|1995||False|0
438|1995||False|0
439|1995||False|0
440|1995||False|0
441|1995||False|0
442|1995||False|0
443|1995||False|0
444|5443||False|0
445|5443||False|0
446|9419||False|0
447|9419||False|0
448|9419||False|0
449|9419||False|0
451|9419||False|0
452|9419||False|0
453|9419||False|0
454|9419||False|0
455|7683||False|0
456|7683||False|0
457|7683||False|0
458|7683||False|0
459|7683||False|0
460|7683||False|0
461|7683||False|0
462|7683||False|0
463|6769||False|0
464|6769||False|0
465|6769||False|0
466|6769||False|0
467|6769||False|0
468|6769||False|0
470|6769||False|0
471|7455||False|0
472|7455||False|0
473|7455||False|0
474|7455||False|0
475|7455||False|0
476|7455||False|0
477|7455||False|0
478|7455||False|0
479|1245||False|0
480|1245||False|0
481|1245||False|0
483|1245||False|0
484|1245||False|0
485|1245||False|0
486|1245||False|0
487|2743||False|0
488|2743||False|0
489|2743||False|0
490|2743||False|0
492|2743||False|0
493|3753||False|0
494|3753||False|0
495|3753||False|0
496|3753||False|0
497|3753||False|0
498|7657||False|0
499|7657||False|0
500|7657||False|0
501|2720||False|0
502|2720||False|0
503|2720||False|0
504|2720||False|0
505|2720||False|0
506|2720||False|0
507|6001||False|0
508|6001||False|0
509|6001||False|0
510|6001||False|0
511|6001||False|0
512|5711||False|0
513|5711||False|0
514|5711||False|0
515|5711||False|0
516|5711||False|0
517|5711||False|0
518|5711||False|0
519|5711||False|0
520|1768||False|0
521|1768||False|0
522|1768||False|0
523|1768||False|0
524|1768||False|0
525|1768||False|0
526|3860||False|0
527|3860||False|0
528|3860||False|0
529|3860||False|0
530|3860||False|0
531|3860||False|0
532|2972||False|0
533|2972||False|0
534|2972||False|0
535|7601||False|0
536|7601||False|0
537|7601||False|0
538|7601||False|0
539|7601||False|0
540|7608||False|0
541|7608||False|0
542|7608||False|0
543|7608||False|0
544|7608||False|0
545|7608||False|0
546|4044||False|0
547|4044||False|0
548|4044||False|0
549|4044||False|0
550|4044||False|0
551|4044||False|0
552|9312||False|0
553|9312||False|0
554|9312||False|0
555|9312||False|0
556|9312||False|0
557|9312||False|0
559|8060||False|0
560|8060||False|0
561|8060||False|0
562|8060||False|0
563|8060||False|0
564|8060||False|0
565|9191||False|0
566|9191||False|0
567|4963||False|0
568|4963||False|0
569|6901||False|0
570|6464||False|0
571|6464||False|0
572|6464||False|0
573|6464||False|0
574|6464||False|0
575|6383||False|0
576|6383||False|0
577|6383||False|0
578|2464||False|0
579|2464||False|0
580|2464||False|0
581|2464||False|0
582|2464||False|0
583|2464||False|0
584|2464||False|0
585|2464||False|0
586|3269||False|0
587|3269||False|0
588|3269||False|0
589|3269||False|0
590|3269||False|0
591|3242||False|0
592|3242||False|0
593|3242||False|0
594|3242||False|0
595|6763||False|0
596|6763||False|0
597|6763||False|0
598|2904||False|0
599|2904||False|0
600|2904||False|0
602|7119||False|0
604|7119||False|0
605|7119||False|0
606|7119||False|0
607|7119||False|0
608|7119||False|0
609|7119||False|0
610|7119||False|0
611|5223||False|0
612|5223||False|0
613|5223||False|0
614|5223||False|0
615|5223||False|0
616|7671||False|0
617|7671||False|0
618|7671||False|0
619|7671||False|0
620|7671||False|0
621|5698||False|0
622|5698||False|0
623|5698||False|0
624|1885||False|0
625|1885||False|0
626|3896||False|0
627|3896||False|0
628|2975||False|0
629|2975||False|0
630|3229||False|0
631|3229||False|0
633|3229||False|0
635|3229||False|0
636|3229||False|0
637|3229||False|0
638|3229||False|0
639|3229||False|0
642|3229||False|0
643|3229||False|0
645|6861||False|0
646|6861||False|0
647|6861||False|0
648|6861||False|0
649|7639||False|0
650|7639||False|0
652|7639||False|0
653|7639||False|0
654|7639||False|0
655|7639||False|0
656|7098||False|0
657|7098||False|0
658|7098||False|0
659|5750||False|0
660|5750||False|0
661|5750||False|0
662|5750||False|0
663|5750||False|0
664|8048||False|0
665|8048||False|0
666|8050||False|0
667|8050||False|0
668|8050||False|0
669|3219||False|0
670|3219||False|0
671|3219||False|0
672|3219||False|0
673|3219||False|0
674|3219||False|0
676|3219||False|0
677|3956||False|0
678|3956||False|0
679|3956||False|0
680|3956||False|0
681|1564||False|0
682|8482||False|0
683|8482||False|0
684|8482||False|0
685|8482||False|0
686|8482||False|0
687|8482||False|0
688|8482||False|0
689|6806||False|0
690|6806||False|0
691|6806||False|0
692|6806||False|0
693|6806||False|0
695|8614||False|0
696|8614||False|0
697|8614||False|0
698|8614||False|0
699|8614||False|0
700|8614||False|0
701|4127||False|0
702|4127||False|0
703|4127||False|0
705|4127||False|0
706|4127||False|0
708|6576||False|0
709|6576||False|0
710|6576||False|0
711|6576||False|0
712|6576||False|0
713|6576||False|0
715|6576||False|0
716|5724||False|0
717|5724||False|0
718|5724||False|0
719|5724||False|0
720|4894||False|0
721|4894||False|0
722|4894||False|0
723|4894||False|0
724|6964||False|0
725|6964||False|0
726|6964||False|0
727|6964||False|0
728|6964||False|0
729|6897||False|0
730|6897||False|0
731|6897||False|0
732|6897||False|0
733|6897||False|0
734|4166||False|0
735|4166||False|0
736|4166||False|0
738|4166||False|0
739|4166||False|0
740|4166||False|0
741|4166||False|0
742|3849||False|0
743|3849||False|0
744|3849||False|0
747|3849||False|0
748|1790||False|0
749|1790||False|0
750|1790||False|0
751|1790||False|0
753|8301||False|0
754|8301||False|0
756|1595||False|0
758|1595||False|0
759|1595||False|0
760|1595||False|0
761|1595||False|0
762|1595||False|0
763|1595||False|0
764|5806||False|0
765|5806||False|0
766|5806||False|0
767|5806||False|0
768|5806||False|0
769|5806||False|0
771|1700||False|0
772|1700||False|0
773|1700||False|0
774|1700||False|0
775|1700||False|0
776|1700||False|0
777|4166||False|0
778|5791||False|0
779|2956||False|0
780|2956||False|0
781|2956||False|0
782|1795||False|0
783|1795||False|0
784|1795||False|0
785|6246||False|0
786|6246||False|0
787|6246||False|0
788|6246||False|0
789|6246||False|0
790|6246||False|0
791|6246||False|0
792|7244||False|0
793|7244||False|0
795|7244||False|0
797|7244||False|0
798|7244||False|0
799|6045||False|0
800|6045||False|0
801|6045||False|0
802|7568||False|0
803|7568||False|0
804|7568||False|0
805|7568||False|0
809|7568||False|0
810|7568||False|0
811|4081||False|0
812|4081||False|0
813|6202||False|0
814|6202||False|0
815|6202||False|0
816|6202||False|0
817|6202||False|0
818|5192||False|0
819|5192||False|0
820|5192||False|0
821|5192||False|0
822|5192||False|0
823|5192||False|0
824|5192||False|0
825|2896||False|0
826|2896||False|0
827|2896||False|0
828|2896||False|0
829|2958||False|0
830|2958||False|0
831|2958||False|0
833|2958||False|0
835|2958||False|0
836|2958||False|0
837|6567||False|0
838|6567||False|0
839|6567||False|0
840|6567||False|0
841|4255||False|0
842|4255||False|0
843|4255||False|0
844|4255||False|0
845|4255||False|0
846|8443||False|0
847|8443||False|0
848|8443||False|0
849|8443||False|0
851|8443||False|0
852|8443||False|0
853|8443||False|0
854|9112||False|0
855|9112||False|0
857|9112||False|0
858|9112||False|0
859|9112||False|0
860|9112||False|0
861|9112||False|0
862|6302||False|0
863|6302||False|0
864|6302||False|0
865|6302||False|0
866|6302||False|0
867|6302||False|0
868|6302||False|0
869|6302||False|0
870|6302||False|0
871|6781||False|0
872|6781||False|0
873|6781||False|0
874|6781||False|0
875|7665||False|0
876|7665||False|0
877|7665||False|0
878|7665||False|0
879|7665||False|0
880|7665||False|0
881|7145||False|0
882|7145||False|0
883|7145||False|0
884|5395||False|0
885|5395||False|0
886|5395||False|0
887|5395||False|0
888|5395||False|0
890|5395||False|0
892|5395||False|0
893|5395||False|0
894|9170||False|0
895|9170||False|0
896|9170||False|0
897|9170||False|0
898|8795||False|0
899|8795||False|0
900|8795||False|0
901|8795||False|0
902|8795||False|0
907|1191||False|0
908|1191||False|0
909|6894||False|0
910|5226||False|0
911|5226||False|0
912|5226||False|0
913|5226||False|0
914|5226||False|0
915|8774||False|0
916|8774||False|0
917|8774||False|0
918|8774||False|0
919|8774||False|0
920|2579||False|0
921|2579||False|0
922|2579||False|0
923|2767||False|0
926|2767||False|0
927|2767||False|0
929|2767||False|0
930|1313||False|0
931|5396||False|0
932|5396||False|0
933|5396||False|0
934|5396||False|0
935|5396||False|0
938|5396||False|0
939|5396||False|0
940|2541||False|0
941|2541||False|0
942|2541||False|0
943|6555||False|0
944|6555||False|0
945|6555||False|0
949|2756||False|0
950|2756||False|0
951|2756||False|0
952|2756||False|0
954|5111||False|0
955|5111||False|0
956|5111||False|0
957|5111||False|0
958|5708||False|0
959|5708||False|0
960|8015||False|0
964|2750||False|0
965|2750||False|0
966|4975||False|0
967|4975||False|0
969|2740||False|0
970|2740||False|0
971|2740||False|0
972|2740||False|0
973|2740||False|0
974|7449||False|0
975|7449||False|0
976|7449||False|0
977|7449||False|0
978|3296||False|0
981|6622||False|0
982|6622||False|0
983|6622||False|0
984|6622||False|0
985|6622||False|0
986|3222||False|0
987|3222||False|0
988|3222||False|0
990|3222||False|0
991|7628||False|0
992|7628||False|0
993|7628||False|0
994|7628||False|0
995|7746||False|0
996|7746||False|0
998|6270||False|0
999|6270||False|0
1000|2638||False|0
1001|2638||False|0
1002|1733||False|0
1003|1733||False|0
1004|1733||False|0
1005|1733||False|0
1006|6376||False|0
1007|6376||False|0
1008|6376||False|0
1009|4199||False|0
1010|4199||False|0
1012|8974||False|0
1013|8974||False|0
1014|8974||False|0
1015|8974||False|0
1016|8974||False|0
1017|8974||False|0
1018|8974||False|0
1019|7647||False|0
1021|7647||False|0
1022|3887||False|0
1023|3887||False|0
1024|7584||False|0
1025|7584||False|0
1026|7584||False|0
1027|7584||False|0
1028|7584||False|0
1029|7584||False|0
1030|6765||False|0
1031|6765||False|0
1032|7155||False|0
1033|5609||False|0
1035|5609||False|0
1037|5609||False|0
1038|5609||False|0
1039|5609||False|0
1040|5609||False|0
1042|7101||False|0
1043|7101||False|0
1044|7101||False|0
1045|7101||False|0
1046|6847||False|0
1047|6847||False|0
1049|1424||False|0
1050|1424||False|0
1051|1424||False|0
1052|1424||False|0
1054|1424||False|0
1055|1424||False|0
1056|8751||False|0
1057|8751||False|0
1058|8751||False|0
1059|8751||False|0
1060|8751||False|0
1061|8751||False|0
1062|3717||False|0
1063|3717||False|0
1064|3717||False|0
1065|3228||False|0
1066|3228||False|0
1067|3228||False|0
1068|3228||False|0
1069|3228||False|0
1070|5189||False|0
1071|5189||False|0
1072|5189||False|0
1073|5189||False|0
1074|8718||False|0
1075|8718||False|0
1076|8718||False|0
1077|8718||False|0
1079|8799||False|0
1080|8799||False|0
1081|8799||False|0
1082|8799||False|0
1084|8799||False|0
1085|8799||False|0
1087|5691||False|0
1088|5691||False|0
1089|5691||False|0
1090|5691||False|0
1091|5691||False|0
1092|5691||False|0
1093|5691||False|0
1095|7919||False|0
1097|7919||False|0
1100|7919||False|0
1101|7919||False|0
1102|7919||False|0
1103|7919||False|0
1104|7919||False|0
1105|7919||False|0
1106|3771||False|0
1107|3771||False|0
1108|9397||False|0
1109|9397||False|0
1110|9397||False|0
1111|9397||False|0
1112|9397||False|0
1113|9397||False|0
1114|9397||False|0
1115|9397||False|0
1116|9397||False|0
1117|8610||False|0
1118|8610||False|0
1119|8610||False|0
1120|8610||False|0
1121|8610||False|0
1123|8006||False|0
1124|8006||False|0
1126|8006||False|0
1128|8705||False|0
1129|8705||False|0
1132|8705||False|0
1133|8705||False|0
1134|8705||False|0
1135|8700||False|0
1136|8700||False|0
1137|8700||False|0
1138|8700||False|0
1139|8700||False|0
1140|8700||False|0
1141|8700||False|0
1144|8700||False|0
1145|8700||False|0
1147|5478||False|0
1150|9102||False|0
1151|9102||False|0
1152|9102||False|0
1153|9102||False|0
1154|248||False|0
1155|248||False|0
1157|6739||False|0
1158|6739||False|0
1159|6739||False|0
1160|8552||False|0
1161|8552||False|0
1162|8552||False|0
1163|8552||False|0
1165|8552||False|0
1167|8552||False|0
1168|3442||False|0
1169|3442||False|0
1170|3442||False|0
1171|3442||False|0
1172|5196||False|0
1173|5196||False|0
1174|5196||False|0
1175|5196||False|0
1176|5196||False|0
1177|5196||False|0
1179|9049||False|0
1180|9049||False|0
1181|9049||False|0
1182|9049||False|0
1183|9049||False|0
1184|9049||False|0
1185|9049||False|0
1186|2747||False|0
1188|2747||False|0
1189|2747||False|0
1190|2747||False|0
1191|2747||False|0
1192|2747||False|0
1193|2747||False|0
1194|9278||False|0
1195|9278||False|0
1196|9278||False|0
1197|9278||False|0
1198|9278||False|0
1199|3894||False|0
1200|3894||False|0
1201|3894||False|0
1203|8480||False|0
1204|8480||False|0
1205|8480||False|0
1206|8480||False|0
1207|8480||False|0
1208|8480||False|0
1209|7220||False|0
1210|7220||False|0
1211|7220||False|0
1212|7220||False|0
1213|7220||False|0
1214|7220||False|0
1215|8902||False|0
1216|8902||False|0
1217|8902||False|0
1218|8902||False|0
1219|8902||False|0
1220|8902||False|0
1221|9261||False|0
1222|9261||False|0
1223|9261||False|0
1224|9261||False|0
1225|7562||False|0
1226|7562||False|0
1227|7562||False|0
1228|7562||False|0
1229|7562||False|0
1230|7562||False|0
1231|9184||False|0
1234|9184||False|0
1235|9184||False|0
1236|9184||False|0
1237|9184||False|0
1240|9184||False|0
1241|9100||False|0
1242|9100||False|0
1243|9100||False|0
1244|9100||False|0
1245|9100||False|0
1246|9100||False|0
1247|4112||False|0
1248|4112||False|0
1250|4112||False|0
1251|4112||False|0
1252|4112||False|0
1253|4112||False|0
1254|9053||False|0
1255|9053||False|0
1256|9053||False|0
1257|9053||False|0
1259|4838||False|0
1260|4838||False|0
1261|4838||False|0
1262|4838||False|0
1263|9043||False|0
1264|9043||False|0
1265|9043||False|0
1266|9043||False|0
1267|1590||False|0
1268|1590||False|0
1272|1603||False|0
1273|1603||False|0
1274|1603||False|0
1275|1603||False|0
1276|1603||False|0
1277|2686||False|0
1278|2686||False|0
1279|1294||False|0
1280|1294||False|0
1281|1294||False|0
1282|1294||False|0
1283|1294||False|0
1285|1294||False|0
1286|1294||False|0
1288|6911||False|0
1291|6911||False|0
1292|6911||False|0
1293|6911||False|0
1295|6911||False|0
1296|4187||False|0
1297|4187||False|0
1300|4187||False|0
1301|4187||False|0
1302|4187||False|0
1304|4187||False|0
1305|4187||False|0
1306|3855||False|0
1307|3855||False|0
1308|9153||False|0
1309|9153||False|0
1310|9153||False|0
1311|9153||False|0
1312|9153||False|0
1313|9153||False|0
1315|6820||False|0
1316|6820||False|0
1317|6820||False|0
1318|6820||False|0
1319|6820||False|0
1320|144||False|0
1321|144||False|0
1322|144||False|0
1323|144||False|0
1324|144||False|0
1325|3297||False|0
1329|7731||False|0
1337|7731||False|0
1338|7731||False|0
1339|7731||False|0
1340|7731||False|0
1341|7731||False|0
1346|1981||False|0
1347|1981||False|0
1348|1981||False|0
1349|1981||False|0
1350|1440||False|0
1351|1440||False|0
1352|1440||False|0
1353|1440||False|0
1354|1440||False|0
1355|1440||False|0
1356|4571||False|0
1357|4571||False|0
1358|4571||False|0
1359|4571||False|0
1360|4571||False|0
1362|4571||False|0
1363|5993||False|0
1364|5993||False|0
1366|4030||False|0
1368|4030||False|0
1369|4030||False|0
1370|4030||False|0
1371|3083||False|0
1373|3083||False|0
1374|3083||False|0
1375|3083||False|0
1376|3083||False|0
1377|3083||False|0
1378|1259||False|0
1379|1259||False|0
1380|1259||False|0
1381|1259||False|0
1383|1323||False|0
1384|1323||False|0
1385|1323||False|0
1386|1323||False|0
1387|1323||False|0
1388|4038||False|0
1389|4038||False|0
1390|4038||False|0
1391|4038||False|0
1392|4038||False|0
1394|4038||False|0
1395|4038||False|0
1396|3704||False|0
1397|3704||False|0
1398|3704||False|0
1399|3704||False|0
1400|3704||False|0
1401|1262||False|0
1402|1262||False|0
1403|3014||False|0
1404|3014||False|0
1405|3014||False|0
1406|3014||False|0
1408|3014||False|0
1410|7381||False|0
1411|7381||False|0
1412|7381||False|0
1413|7381||False|0
1415|7381||False|0
1416|4146||False|0
1417|4146||False|0
1418|4146||False|0
1419|4146||False|0
1420|4146||False|0
1421|4146||False|0
1423|7217||False|0
1424|7217||False|0
1425|1315||False|0
1426|5019||False|0
1427|5019||False|0
1430|4901||False|0
1431|4901||False|0
1432|4901||False|0
1433|4901||False|0
1434|4901||False|0
1435|4901||False|0
1436|1761||False|0
1437|1761||False|0
1438|1761||False|0
1439|1761||False|0
1441|1761||False|0
1442|6006||False|0
1443|6006||False|0
1444|6006||False|0
1445|6006||False|0
1446|6006||False|0
1447|1782||False|0
1448|1782||False|0
1449|7411||False|0
1450|7411||False|0
1451|7411||False|0
1452|7411||False|0
1453|7411||False|0
1454|5944||False|0
1455|5944||False|0
1456|5944||False|0
1457|5944||False|0
1458|5944||False|0
1459|5944||False|0
1460|5944||False|0
1461|5022||False|0
1463|5022||False|0
1464|5022||False|0
1465|5022||False|0
1466|5022||False|0
1467|5022||False|0
1468|6651||False|0
1469|4940||False|0
1470|4940||False|0
1471|4940||False|0
1472|4940||False|0
1473|7027||False|0
1474|7027||False|0
1475|7027||False|0
1477|7027||False|0
1478|7027||False|0
1479|7027||False|0
1481|2106||False|0
1482|2106||False|0
1483|2106||False|0
1485|2106||False|0
1486|2106||False|0
1488|9308||False|0
1489|9308||False|0
1490|9308||False|0
1491|9308||False|0
1492|9308||False|0
1493|9308||False|0
1494|4944||False|0
1495|4944||False|0
1496|4944||False|0
1497|4944||False|0
1498|6308||False|0
1499|6308||False|0
1500|6308||False|0
1501|6308||False|0
1502|6308||False|0
1503|1898||False|0
1504|1898||False|0
1505|1898||False|0
1507|2385||False|0
1508|2385||False|0
1509|2150||False|0
1510|7003||False|0
1511|1233||False|0
1512|1233||False|0
1513|7612||False|0
1514|7612||False|0
1515|7612||False|0
1516|7612||False|0
1518|4871||False|0
1519|4871||False|0
1520|4871||False|0
1522|4871||False|0
1523|5012||False|0
1524|5012||False|0
1526|5012||False|0
1527|5012||False|0
1529|5012||False|0
1530|5012||False|0
1532|1958||False|0
1533|1958||False|0
1534|1958||False|0
1535|1958||False|0
1536|1958||False|0
1537|5965||False|0
1538|5965||False|0
1539|5965||False|0
1540|5965||False|0
1541|5965||False|0
1542|5965||False|0
1543|5965||False|0
1544|439||False|0
1545|439||False|0
1546|439||False|0
1548|6976||False|0
1549|6976||False|0
1551|6976||False|0
1552|6976||False|0
1553|6976||False|0
1554|6976||False|0
1555|6994||False|0
1556|6994||False|0
1557|6994||False|0
1558|6994||False|0
1559|7564||False|0
1560|7564||False|0
1561|7564||False|0
1562|7564||False|0
1565|7564||False|0
1566|7564||False|0
1568|7564||False|0
1569|2026||False|0
1570|2026||False|0
1571|2026||False|0
1572|2026||False|0
1573|2026||False|0
1574|2026||False|0
1575|2026||False|0
1579|7202||False|0
1580|7202||False|0
1581|7202||False|0
1582|7202||False|0
1583|7202||False|0
1584|7202||False|0
1585|7202||False|0
1586|7202||False|0
1587|7412||False|0
1588|7412||False|0
1589|7412||False|0
1590|7412||False|0
1591|7412||False|0
1593|7412||False|0
1594|1231||False|0
1595|1231||False|0
1596|1231||False|0
1597|1231||False|0
1598|3186||False|0
1599|5165||False|0
1600|5165||False|0
1602|9092||False|0
1603|9092||False|0
1604|9092||False|0
1605|9092||False|0
1606|9012||False|0
1607|9012||False|0
1608|9012||False|0
1609|9012||False|0
1610|9012||False|0
1611|1371||False|0
1612|1371||False|0
1613|1371||False|0
1614|1371||False|0
1615|1371||False|0
1616|6176||False|0
1617|6176||False|0
1618|6176||False|0
1619|6176||False|0
1620|6176||False|0
1622|6176||False|0
1623|6176||False|0
1624|2902||False|0
1625|2902||False|0
1626|457||False|0
1627|457||False|0
1628|457||False|0
1630|457||False|0
1631|8639||False|0
1632|8639||False|0
1633|8639||False|0
1634|7462||False|0
1635|7462||False|0
1636|7462||False|0
1637|7462||False|0
1638|7462||False|0
1639|7462||False|0
1640|7462||False|0
1641|7462||False|0
1642|7462||False|0
1643|2245||False|0
1644|2245||False|0
1645|2245||False|0
1646|2245||False|0
1647|2245||False|0
1648|5925||False|0
1649|5925||False|0
1650|5925||False|0
1651|5925||False|0
1652|5925||False|0
1653|5925||False|0
1654|5925||False|0
1655|5916||False|0
1656|5916||False|0
1657|5916||False|0
1658|5916||False|0
1659|5916||False|0
1661|5949||False|0
1662|5949||False|0
1663|5949||False|0
1664|3224||False|0
1665|3224||False|0
1666|3224||False|0
1667|3224||False|0
1668|621||False|0
1669|621||False|0
1670|621||False|0
1671|621||False|0
1672|9391||False|0
1673|9391||False|0
1674|9391||False|0
1675|9391||False|0
1676|9391||False|0
1678|9391||False|0
1679|6942||False|0
1680|6942||False|0
1682|6942||False|0
1683|9361||False|0
1684|9361||False|0
1685|9361||False|0
1686|3666||False|0
1687|3666||False|0
1688|3666||False|0
1689|3666||False|0
1690|3666||False|0
1694|6173||False|0
1696|6173||False|0
1697|1382||False|0
1699|1382||False|0
1701|1382||False|0
1702|1382||False|0
1704|6594||False|0
1705|6594||False|0
1706|6594||False|0
1707|6594||False|0
1708|6594||False|0
1709|6594||False|0
1710|1382||False|0
1712|1757||False|0
1713|1757||False|0
1714|1757||False|0
1715|1757||False|0
1716|1757||False|0
1717|1757||False|0
1718|2952||False|0
1719|2952||False|0
1720|2952||False|0
1721|2952||False|0
1722|2952||False|0
1723|2952||False|0
1724|3211||False|0
1726|3211||False|0
1727|3211||False|0
1728|3211||False|0
1729|3211||False|0
1731|3211||False|0
1732|3211||False|0
1733|6377||False|0
1734|6377||False|0
1735|6377||False|0
1736|6377||False|0
1737|6377||False|0
1738|2728||False|0
1739|2728||False|0
1740|2728||False|0
1741|3236||False|0
1742|3236||False|0
1743|3236||False|0
1745|3236||False|0
1748|10493||False|0
1749|4211||False|0
